{
	"credit": "Made by ChicknTurtle with Blockbench",
	"parent": "block/cube_all",
	"textures": {
		"0": "block/jukebox_side",
		"1": "block/jukebox_top",
		"2": "item/music_disc_cat",
		"particle": "block/jukebox_side"
	},
	"elements": [
		{
			"from": [0, 0, 0],
			"to": [16, 16, 16],
			"faces": {
				"north": {"uv": [0, 0, 16, 16], "texture": "#0", "cullface": "north"},
				"east": {"uv": [0, 0, 16, 16], "texture": "#0", "cullface": "east"},
				"south": {"uv": [0, 0, 16, 16], "texture": "#0", "cullface": "south"},
				"west": {"uv": [0, 0, 16, 16], "texture": "#0", "cullface": "west"},
				"up": {"uv": [0, 0, 16, 16], "texture": "#1", "cullface": "up"},
				"down": {"uv": [0, 0, 16, 16], "texture": "#0", "cullface": "down"}
			}
		},
		{
			"from": [7, 15.9, 3],
			"to": [9, 16.9, 13],
			"rotation": {"angle": 0, "axis": "y", "origin": [7, 16, 3]},
			"faces": {
				"north": {"uv": [11, 11, 13, 12], "texture": "#2", "cullface": "up"},
				"east": {"uv": [2, 11, 13, 12], "texture": "#2", "cullface": "up"},
				"south": {"uv": [2, 11, 4, 12], "texture": "#2", "cullface": "up"},
				"west": {"uv": [2, 11, 13, 12], "texture": "#2", "cullface": "up"},
				"up": {"uv": [2, 10, 13, 12], "rotation": 90, "texture": "#2", "cullface": "up"}
			}
		}
	]
}