{
	"credit": "Made by ChicknTurtle with Blockbench",
	"parent": "block/cube_all",
	"textures": {
		"0": "block/jukebox_top",
		"1": "block/jukebox_side",
		"particle": "block/jukebox_side"
	},
	"elements": [
		{
			"from": [9, 0, 0],
			"to": [16, 16, 16],
			"rotation": {"angle": 0, "axis": "y", "origin": [25, 0, 16]},
			"faces": {
				"north": {"uv": [0, 0, 7, 16], "texture": "#1", "cullface": "north"},
				"east": {"uv": [0, 0, 16, 16], "texture": "#1", "cullface": "east"},
				"south": {"uv": [9, 0, 16, 16], "texture": "#1", "cullface": "south"},
				"west": {"uv": [7, 0, 8, 16], "rotation": 90, "texture": "#0"},
				"up": {"uv": [9, 0, 16, 16], "texture": "#0", "cullface": "up"},
				"down": {"uv": [9, 0, 16, 16], "texture": "#1", "cullface": "down"}
			}
		},
		{
			"from": [0, 0, 0],
			"to": [7, 16, 16],
			"rotation": {"angle": 0, "axis": "y", "origin": [-9, 0, 0]},
			"faces": {
				"north": {"uv": [9, 0, 16, 16], "texture": "#1", "cullface": "north"},
				"east": {"uv": [8, 0, 9, 16], "rotation": 270, "texture": "#0"},
				"south": {"uv": [0, 0, 7, 16], "texture": "#1", "cullface": "south"},
				"west": {"uv": [0, 0, 16, 16], "texture": "#1", "cullface": "west"},
				"up": {"uv": [0, 0, 7, 16], "texture": "#0", "cullface": "up"},
				"down": {"uv": [0, 0, 7, 16], "texture": "#1", "cullface": "down"}
			}
		},
		{
			"from": [7, 0, 0],
			"to": [9, 16, 3],
			"rotation": {"angle": 0, "axis": "y", "origin": [7, 0, 0]},
			"faces": {
				"north": {"uv": [7, 0, 9, 16], "texture": "#1", "cullface": "north"},
				"south": {"uv": [7, 12, 9, 13], "texture": "#0"},
				"up": {"uv": [7, 0, 9, 3], "texture": "#0", "cullface": "up"},
				"down": {"uv": [7, 13, 9, 16], "texture": "#1", "cullface": "down"}
			}
		},
		{
			"from": [7, 0, 13],
			"to": [9, 16, 16],
			"rotation": {"angle": 0, "axis": "y", "origin": [9, 0, 16]},
			"faces": {
				"north": {"uv": [7, 3, 9, 4], "texture": "#0"},
				"south": {"uv": [7, 0, 9, 16], "texture": "#1", "cullface": "south"},
				"up": {"uv": [7, 13, 9, 16], "texture": "#0", "cullface": "up"},
				"down": {"uv": [7, 0, 9, 3], "texture": "#1", "cullface": "down"}
			}
		},
		{
			"from": [7, 0, 3],
			"to": [9, 7, 13],
			"rotation": {"angle": 0, "axis": "y", "origin": [7, 0, 3]},
			"faces": {
				"up": {"uv": [7, 3, 9, 13], "texture": "#0"},
				"down": {"uv": [7, 3, 9, 13], "texture": "#1", "cullface": "down"}
			}
		}
	]
}