{
  "entity.arrow.zap": {
    "sounds": [
      {
        "name": "turtle:entity/arrow/zap"
      }
    ],
    "subtitle": "Arrow zaps"
  },
  "entity.arrow.discharge": {
    "sounds": [
      {
        "name": "turtle:entity/arrow/discharge"
      }
    ],
    "subtitle": "Arrow discharges"
  },
  "music.milky_ways": {
    "sounds": [
      {
        "name": "turtle:music/milky_ways"
      }
    ]
  },
  "music_disc.megalovania": {
    "sounds": [
      {
        "name": "turtle:records/megalovania"
      }
    ]
  },
  "music_disc.fly_octo_fly": {
    "sounds": [
      {
        "name": "turtle:records/fly_octo_fly"
      }
    ]
  },
  "music_disc.milky_ways": {
    "sounds": [
      {
        "name": "turtle:records/milky_ways"
      }
    ]
  }
}