{
  "model": {
    "type": "minecraft:select",
    "cases": [
      {
        "model": {
          "type": "minecraft:condition",
          "on_false": {
            "type": "minecraft:model",
            "model": "turtle:item/chorium_case"
          },
          "on_true": {
            "type": "minecraft:model",
            "model": "turtle:item/chorium_case_open"
          },
          "property": "minecraft:carried"
        },
        "when": "gui"
      },
      {
        "model": {
          "type": "minecraft:condition",
          "on_false": {
            "type": "minecraft:model",
            "model": "turtle:item/chorium_case"
          },
          "on_true": {
            "type": "minecraft:model",
            "model": "turtle:item/chorium_case_open"
          },
          "property": "minecraft:selected"
        },
        "when": [
          "thirdperson_lefthand",
          "thirdperson_righthand",
          "firstperson_lefthand",
          "firstperson_righthand"
        ]
      }
    ],
    "fallback": {
      "type": "minecraft:model",
      "model": "turtle:item/chorium_case"
    },
    "property": "minecraft:display_context"
  }
}